Grocery,Milk,Frozen,Fresh
-0.04111489343644868,0.5235677732188025,-0.589367155775102,0.052933189809386286
0.1703183538810707,0.5444576674904322,-0.2701361820563945,-0.39130197032955794
-0.02815710099994899,0.40853770606073786,-0.137535719458766,-0.4470292605536878
-0.3929768994357086,-0.6240199250798147,0.6871442959812285,0.10011140710140531
-0.07935618331002095,-0.05239645455612996,0.1738588350084487,0.8402394803906299
-0.2976370445167475,0.33406658946901907,-0.49615501099418746,-0.20480552747721428
-0.10284876634530088,-0.3523156508845275,-0.5345122210146523,0.009950350900717945
0.15535895123080276,-0.11398094805820706,-0.28931478706662694,-0.3499814511576889
-0.18533617673375014,-0.29140940070295784,-0.5458544067733919,-0.4779009128085325
1.1514234023454744,0.7184949035326458,-0.3944877822840306,-0.4744971152522291
0.5291333216755256,-0.053345995204840395,0.27387629124460705,-0.6834744535927161
-0.3611618318273923,-0.6337866288951222,-0.3406639553198299,0.09069159525954246
0.4009249200883701,0.8848001657210742,-0.5743129819498659,1.5604988749209672
0.7406719168990328,0.055851179396860184,0.004757156423603631,0.7295764807694175
0.4361111206882961,0.4976588783754177,-0.5728694310351172,1.0015636529428695
-0.4351160618308296,-0.635143115536137,-0.5516286104323866,-0.13831273800524116
0.4392715578679302,0.4096228953735498,-0.6058648805150869,-0.8691793156180124
-0.5286650023479981,0.04893309752768413,-0.4604786812439701,-0.484787666003844
0.22625809196059377,0.07199337042493767,-0.17878003130872822,0.522498936413844
0.15936217165833924,-0.44781231041197744,-0.495536346316438,-0.3340706765340382
-0.35283934725435595,-0.1732594142705588,-0.413666387294263,0.438987159160354
-0.6259011195747397,-0.6681057409127995,0.06414896548754923,-0.5092475135596055
-0.36685061875073366,-0.5262172382626394,1.306633859967661,1.5258276346962956
1.4820051313351983,4.154475565223423,0.4293673469189646,1.137715555195005
0.615307908773548,0.5398456129109815,-0.03236272424136236,0.8427725390371813
-0.037533064632863405,-0.21246187819588983,-0.5920480360453496,0.329669846945122
-0.5362500515791199,-0.6558973611436653,0.01630556374159305,-0.16641385736542028
-0.5168660368773642,-0.6773298500717009,-0.5334811132184033,0.18014022871588725
1.8968651851151639,1.9923715081097515,-0.3946940038432804,-0.6243433658122828
-0.562797723888046,-0.5013935327320665,-0.3860326983547884,2.4608429076045653
0.33244878119629856,-0.2965640499388145,-0.39675621943577855,0.5394387661126563
-0.5075954211504377,-0.19767617380882727,-0.2029079537409561,-0.7431596479520823
-0.5336163539294249,-0.6074707880594328,-0.5786436346941118,0.7624270850918804
-0.06587165134358225,-0.1370412209554606,0.6306395887467803,1.4033700807520784
-0.5993534472658135,-0.517807021088347,-0.5458544067733919,-0.8310251197543326
0.33076321470049375,-0.04140891276390916,-0.461716010599469,-0.8954597990759827
-0.2658219769084312,-0.19455625453449296,-0.27694149351163827,1.4212598074433473
0.4767754123995878,0.6456515709101448,-0.23755317569492437,0.25074923848850633
0.9226077505399676,1.3473621103071598,-0.6266932579993179,-0.586505802279422
-0.7426265994092247,-0.7109707187688707,1.4291294661620486,3.49551820663809
-0.3365104218262466,-0.1986257144575377,1.3276684590111416,0.9518523770042991
-0.2101982825468715,-0.3704925718741273,-0.21425013949969574,0.5680148339690638
0.7384596108732889,0.23856992994156911,-0.5947289163155971,-0.09105536263051742
1.6904886372850592,0.7187662008608487,-0.4712022023249603,-0.9000509678728571
0.26544751298805624,0.16694743529598166,-0.5219327059004139,-0.1844619002220987
1.4305953532131506,2.203983424108078,-0.27467305635989037,-0.5398025334836313
1.4752628653519788,1.1221853278986842,-0.28952100862587676,-0.70429302934406
5.016638073037943,6.573905138137624,0.9713176046274681,2.569922745571683
0.3072706316652138,0.04825485420717667,-0.513065178852672,-0.03809860530105311
2.20911637846301,2.1182534683959355,-0.26271220592340133,-0.5567423631824434
-0.6290615567543738,-0.6377204401540654,0.1625166492497091,-0.4536785395008851
-0.10063646031955703,-0.23674298907005678,-0.5842116167938568,-0.6849784571641059
-0.2186261150258957,-0.2550555587237581,-0.5237886999336622,2.2734757258424696
0.37722164124111457,0.634392731789721,-0.4800697293727022,-0.9110539413688146
-0.6325380376519713,-0.5897008130621374,-0.13114285112202187,1.2133906822607268
-0.31038414114127155,-0.2866616974594056,-0.41552238132751135,-0.5332324126191387
1.9926264316580762,3.268554139976583,-0.09402297045705588,-0.6255307370528538
0.2671330794838611,0.5611424531749157,-0.6256621502030688,-0.521121225965315
-0.6640370615423242,-0.5190278590652604,-0.5105905201416743,0.14079866161163648
0.009346753531708657,-0.05917888776120453,-0.606895988311336,-0.46412740641790945
-0.010247956982022586,-0.37320554515615717,-0.6137012997665797,-0.269952629543207
5.440874090450824,4.418447865564926,0.03754638434432359,1.8951792485965653
-0.14825371382604371,0.06087017996861537,0.22314578766915355,-0.33066687897773483
0.82421280634736,0.7874044248962033,-0.036280933867108775,-0.2061512148831947
-0.49526971614986476,-0.6198148164926686,0.1344705171917348,-0.5731280863023226
3.990233424998785,2.05680462355796,-0.6260745933215685,-0.9431921229469349
-0.056284991898692224,-0.5781706766135106,-0.5974097965858447,-0.9492081372324943
0.5805430997975732,0.13059359331678194,-0.3744842910367989,0.6263543409224497
-0.41699622200092756,0.19855357403162915,0.5770219833418293,-0.7562998896810675
-0.701435568167994,-0.40372649457899273,-0.4728519747989588,-0.28879225322693275
-0.5003264156372793,-0.5099393985704604,1.5613174856411776,0.3724152116056762
1.3790802271851152,-0.6145245185927104,0.47452986839467326,0.4979599307753778
-0.5573196327766804,-0.08915724252763413,1.1960991042097622,-0.6000418344219307
0.08024589426149967,-0.06297705035604628,1.043495150364902,0.6252461277645835
0.19412698063431405,0.07416374905056153,-0.36850386581855443,-0.301615862625099
-0.8373343668922592,-0.6320231962618027,0.27531984215935573,0.6647460110342437
-0.14951788869789734,-0.2996839692131488,0.9193497716965158,-0.8931642146775456
2.1689788262816574,0.9360753607514379,-0.4542920344664758,0.016203839434391607
-0.619896288933435,-0.6268685470259461,-0.20125818126695763,-0.09770464157771473
-0.4526038142248048,-0.344176731038438,-0.45449825602572563,-0.8201013043410799
-0.5206585614929251,-0.6738029848050621,-0.5448232989771429,-0.3954181906302039
0.6796754793320953,0.5078325281830296,-0.5751378681868651,-0.9325849398645011
0.32212468640949393,0.46605273963977023,-0.4815132802874509,-0.1296845069904256
-0.6498150942339709,-0.5742368653545674,-0.15506455199499994,0.7024252584016951
-0.3305055911849418,-0.33495262187953656,-0.3905695726582842,-0.0105515925198071
8.936528306938083,5.480305608151401,-0.4219152496642555,0.325870258975295
2.545492242282063,9.183649786786216,-0.4299578904749981,0.8647784860290962
0.01745854229276944,-0.10462119023520415,0.6681719125302459,2.4748538882433024
-0.41183417460752525,-0.7127341514021901,1.3740683098423492,-0.3274213975868409
-0.2761460716952358,-0.2659074518518774,0.07652225904253789,1.0214323317017566
-0.6650905406022022,-0.7054091235407096,0.05672498935455602,-0.04712262672939232
-0.5711202084610825,-0.4115941170968792,1.159185445104046,0.05966162683928833
2.537064409803039,2.9402843728509738,0.03300951004082775,-0.22182451525873123
-0.6204230284633739,-0.36710135527159005,6.586111998322075,-0.05432601225552274
0.3552039288896639,0.8713709479750266,-0.5910169282491006,-0.5045771866800265
-0.17901530237448202,-0.3901616281688436,-0.5427610833846448,-0.9496830857287227
0.017563890198757245,-0.43139882205569696,-0.6035964433633391,-0.9480999240746282
-0.7733881879576631,-0.7518009666634197,-0.47388308259520784,-0.9180198526468307
-0.7556897397517123,-0.7710630769658314,-0.4489302739259807,-0.9101040443763577
-0.6365412580795078,-0.49027034227574423,0.529384803155123,-0.18541179721455547
0.44169455970564964,0.2689552307003032,0.03713394122582397,-0.03216174909819836
0.8760439760933588,0.6801063315919237,-0.3049876255696126,-0.8375160825361204
-0.02889453634186361,0.08989899408633453,-0.10536515621579548,-0.7178290614865688
0.10057804011714552,-0.3109428083335726,3.0842637007010323,3.4894230342698256
-0.4747268744822433,-0.4970527754808188,-0.357986566296814,0.16620840615985477
-0.41941922383864705,-0.6487079819462862,-0.44583695053723355,0.28391647514178814
0.2899935750832142,0.07334985706595258,-0.6060711020743368,-0.8348247077241596
0.7305585179242038,0.657859950679279,-0.12392509654827848,-0.2535669064233279
-0.10221667890937407,0.3527861051150249,-0.5825618443198582,-0.8287295353558954
2.215963992352217,1.4830107744086514,-0.4947114600794388,-0.8386242956939867
-0.6591910578668853,-0.5627067289059406,-0.16413830060199164,-0.014430338572338866
1.0132069496894776,0.721343525478777,-0.4674902142584637,0.0458089623659606
-0.5775464307263384,-0.4105089277840673,1.1921808945840158,0.5577242832174489
-0.655082489533361,-0.4749420432322757,0.030534851329830016,0.1929638381140535
-0.6269545986346178,-0.6397551701155878,-0.10660248557129434,0.4784078843473095
-0.522870867518669,-0.6786863367127158,-0.07360703609132457,-0.06857446714237413
-0.4842081860211455,-0.44428544514533863,-0.32066046407259824,-0.06548730191688966
-0.2708786763958457,-0.25993891063141183,-0.2938516613701228,-0.39660556187077484
-0.5888186566670333,-0.5297441035292783,0.4683432216171789,0.637119840170293
-0.6114684564544108,-0.4682952586913026,0.1699406253827023,-0.29623311300117733
-0.47820335537984077,-0.6234773304234088,-0.13506106074776827,0.4084321392363283
-0.6798392474404945,-0.34756794764097526,-0.1395979350512641,-0.6317050675038227
-0.8118401736432109,-0.7589903458607987,-0.2229114449881878,0.01675794601332472
0.09088603276626771,0.6745447363637626,-0.18104846846047615,-0.06572477616500384
-0.5257152609803396,-0.5635206208905496,0.35368403467428394,1.903728321528676
-0.08946958228484998,-0.3151479169207188,2.7769935774188137,5.0848541911836564
-0.6629835824824462,-0.5366621853984543,1.0564871085976402,0.5714186315253672
0.28799196486944595,0.1962475467419038,-0.4520235973147279,0.7492076852801905
-0.434905366018854,0.413828003960696,-0.6042151080410885,-0.9388384283981748
-0.6785750725686409,-0.6606450643872175,-0.27920993066338623,2.399416235425695
-0.7640122243247487,-0.45690077090677733,0.668996798767245,-0.3840194267207228
-0.8045711681300526,-0.7063586641894201,-0.562145909954127,-0.7836094282141993
-0.5764929516664604,-0.5106176418909679,-0.5147149513266704,0.2297723465717529
-0.7075457467152866,-0.6449098193514444,-0.543585969621644,-0.20314320774041497
-0.6086240629927401,-0.5309649415061917,-0.48501904679469765,-0.36510064495429234
-0.5646939861958266,-0.6114045993183761,-0.3922193451322827,-0.4512246389370385
-0.09705463151597175,0.3774741619814963,0.30996506411332403,-0.583814427467461
0.03484094678075683,0.3097854785948521,-0.4971861187904365,-0.7055595586673357
-0.3073290518676253,-0.20879936426514956,-0.6015342277708409,0.12164240559709184
-0.48547236089299917,-0.11086102878387276,-0.4633657830734675,-0.5234959684464568
-0.0680839573693261,-0.20567944499081525,-0.1635196359242422,0.44508233152861826
-0.29100012643951595,1.0113603693277657,-0.5673014489353723,1.4548228345101528
0.03178585750711056,0.18390351830866808,-0.015864999501377475,1.9817781910755399
-0.7221891056475911,-0.5697604594392182,1.1039180672250966,-0.12628070943412223
-0.6282187735064714,-0.2874755894440146,-0.6091644254630839,0.540388663105113
2.8276139345173976,0.3510226724817055,-0.6248372639660695,0.7946444247527055
-0.6083080192747767,-0.5236399136447111,-0.4425374055892366,-0.33494141544379025
-0.5524736291012414,-0.32871278333086795,-0.3682976442593046,-0.22142872484520756
-0.7805518455648336,-0.7070369075099275,0.20211118862567282,-0.48098807803401694
-0.6637210178243608,-0.5918711916877613,-0.46852132205471275,1.5682563670260308
-0.6517113565417513,-0.5386969153599767,-0.4575915794144728,0.33441933190740586
-0.6246369447028861,-0.3348169732154351,-0.5239949214929119,-0.8478857913704401
-0.507384725338462,-0.6002814088620537,-0.01462767014587861,0.5414177181802745
-0.5881865692311065,0.46849441559359706,-0.4728519747989588,-0.6757961195703572
-0.8232177474898936,-0.7787950508196164,-0.6180319525108258,-0.9006842325344949
1.212419839912412,0.6638284918997447,-0.5854489461493556,-0.7924751334771292
0.7272927328385819,-0.06853864558420744,-0.5681263351723715,-0.6467451032177214
-0.5770196911963994,-0.6009596521825612,0.06311785769130017,0.4569560439343277
0.17558574918046083,0.10495599580160007,-0.4417125193522373,-0.7234492853586046
0.7090675451026921,0.2587815808926913,-0.5514223888731369,-0.9218194406166578
0.5131204399653797,-0.29100245471065334,-0.4635720046327173,-0.8133728673111779
-0.8078369532156744,-0.7130054487303932,-0.40830462675376794,0.034331040373774754
-0.4362748887966954,-0.5117028312037799,-0.08391811405381513,0.2514616612328489
1.9930478232820275,1.3469551643148554,-0.14537213871025884,-0.5120972045369758
0.06665601438907315,0.24508106581844072,-0.10969580896004151,-0.5363987359273279
1.2543483064955572,0.9301068195309723,0.2790318302258524,0.28613290145752057
0.12838988729792536,0.1254389440809253,-0.42872056111949924,-0.5682202851746293
-0.4933734538420843,-0.3528582455409334,-0.5499788379583882,-0.7183040099827972
-0.7530560421020172,-0.6865539592306023,-0.3462319374195748,-0.4900912575450609
-0.6106256732065084,-0.6889956351844292,-0.1387730488142649,-0.5213587002134292
0.5771719668059635,0.3904964337352395,-0.4033553093317725,-0.9293394584736071
1.2499236944440695,2.7218900236475725,-0.49924833438293464,-0.9340889434358909
-0.14909649707394612,-0.04303669673312705,-0.5648267902243745,-0.8743245909938199
1.2487648674782037,0.2551190669619511,-0.44026896843748864,-0.9092333054666057
-0.28552203532815024,-0.6223921411105968,-0.11485134794128679,-0.9272813483232841
0.413250625088943,0.27790804253100165,-0.6227750483735714,-0.7644531721996547
-0.14909649707394612,0.15758767747297875,0.8859418790980463,2.6628543346670357
-0.3601083527675143,0.20804898051873355,-0.27219839764889264,0.060057417252811975
-0.3167050155005397,0.17345857117285324,-0.39593133319877927,-0.07902333405939847
-0.5742806456407166,-0.12320505721710848,0.28975535130684255,-0.7000184928780046
0.09857642990337728,0.03251960917140367,-0.5505975026361376,0.028156709922805823
1.0742033872564152,3.232607243989688,2.819681440183525,7.927737573441327
0.270398864569483,0.3712343234328277,-0.5421424187068953,-0.8949848505797543
1.2872168531637516,5.175503059915349,6.9005998761780365,1.9668173134443458
-0.34146177340767325,-0.6617302537000294,-0.6182381740700756,-0.9240358669323903
-0.7176591456901156,0.08840685878121812,-0.1837293487307237,-0.30319902427919354
-0.7476832988966393,-0.7155827733483214,0.08209024114228278,-0.7117338891183046
0.1967606782840091,0.2992048827949358,0.6593043854825039,-0.7569331543427054
0.39355056666922394,0.2499644177260944,-0.0647395090435827,-0.31348957503080843
0.37616816218123655,0.7841488569577676,-0.5767876406608636,-0.8839027190010922
-0.628956208848386,0.06154842328912283,0.8785179029650532,0.3907007287104688
-0.6921649524410675,-0.7462393714352585,-0.44996138172222977,0.12852915879240334
-0.6005122742316793,-0.5880730290929196,-0.5206953765449149,-0.5138386823564799
1.3000692976942634,-0.31352013295150094,-0.43573209413399283,-0.9356721050899856
-0.5243457382024982,-0.6489792792744892,-0.4672839926992139,-0.38734406619432143
-0.286680862294016,-0.08915724252763413,0.9931770899079481,0.3975874819057803
-0.32176171498795425,0.1916354921624531,3.2251130256686533,1.4742165647728116
0.25701968050903207,0.17644284178308606,-0.40108687218002453,-0.7578038932524575
-0.11875630014945904,-0.494068504870586,0.093844870019522,-0.024879205489363215
-0.6151556331639839,-0.47697677319379805,-0.5262633586446599,-0.1844619002220987
1.5987306111696833,1.0097325853585477,0.1792205955489438,-0.7071427203214303
1.7652856505363985,1.1669493870521763,0.09838174432301786,-0.594975717128828
0.16210121721402213,0.7719404771886333,0.41101362814573145,1.0451005984304709
-0.6041994509412524,-0.6933363924356769,-0.5367806581664002,-0.9037713977599794
-0.28710225391796723,-0.6653927676307696,-0.34829415301207295,-0.7950873502063852
1.6481387790779625,0.8023257779473674,-0.43655698037099205,-0.8622925624227009
-0.7375698999218102,-0.6804497693460352,-0.4524360404332275,-0.4454460988995932
-0.1961870110504938,-0.14368800549643368,-0.02596985590461822,-0.7487798718241182
-0.2226293354534322,-0.2778445342928087,-0.25013269080916284,-0.828254586859667
0.92871792908726,0.9404161180026857,-0.45532314226272486,-0.5105932009655859
-0.6909007775692138,-0.5292015088728723,-0.2620935412456519,0.5198075616018832
3.344029369669605,3.0561283319936474,0.3431667351525436,0.009396244321784836
-0.6204230284633739,-0.6489792792744892,-0.3672665364630555,-0.37277897897665113
-0.11485842762791035,0.1092967530528478,-0.3594301172115627,-0.6873531996452478
0.3595231930351638,0.10237867118367174,-0.44521828585948414,-0.7629491686282649
0.7992453526282509,0.6740021417073565,-0.3501501470453212,-0.7278029799073648
3.006073287260735,1.4653764480754574,-0.5965849103488454,-0.7494922945684608
-0.6221085949591788,-0.5861739477954987,-0.11134558143404,0.4784078843473095
0.7641644999343128,0.23165184807239306,-0.36850386581855443,-0.9484957144881517
-0.6912168212871772,-0.7364726676199511,-0.1579516538244973,-0.6210187263386842
-0.6920596045350796,-0.6643075783179577,-0.2695175173786451,0.21805695033145286
0.28388339653592165,0.23151619940829157,-0.6147324075628289,-0.5227835457021144
-0.5367767911090588,-0.6350074668720356,0.9123382386820221,-0.5508846650622935
-0.28299368558444293,-0.44347155316072967,0.5238168210553781,-0.7290695092306405
-0.6797338995345067,-0.6968632577023156,-0.47182086700270975,-0.3741246663826316
-0.399719165418928,-0.34634710966406185,-0.4973923403496863,0.05380392871913831
0.13281449934941306,0.016920012799732154,-0.27075484673414396,0.69514271479286
-0.6729916335512873,-0.4872860716655114,-0.16207608500949353,-0.6299635896843186
-0.7773914083851995,-0.707986448158638,-0.4375880881672411,-0.8019741034016967
-0.5741752977347288,-0.41376449572250307,0.7780880036103951,-0.26472819608469483
-0.24612191848871212,0.026144121958633568,1.0824710250631162,-0.07348226827006737
-0.434378626488915,0.6622007079305268,-0.3367457456940835,-0.76437401411695
-0.43332514742903694,-0.5448011052445437,-0.5019292146531822,1.105181583203361
-0.4883167543546698,-0.1101827854633653,-0.44026896843748864,-0.8736121682494773
-0.433851886958976,-0.4195973882788672,0.24500527294963353,0.28518300446506384
-0.5401479241006686,0.07918274962231671,-0.38232071028829173,-0.8044280039655434
-0.5166553410653887,-0.6750238227819755,-0.15671432446899844,-0.26639051582149414
-0.7751791023594556,-0.26563615452367445,0.3221321361090629,0.5297023219399745
-0.7760218856073581,-0.72182261189699,-0.4041801955687717,-0.3670795970219106
-0.4395406738823173,-0.43804560659667,0.44772106569219783,2.8095342619189005
-0.09589580455010592,-0.3013117531823667,1.7219640802967804,0.7991564354668751
-0.5769143432904116,-0.5419524832984125,-0.1765115941569803,1.023411283769375
-0.5306666125617664,-0.6968632577023156,0.1402447208507295,0.49281465539957037
-0.2983744798586621,-0.3011761045182652,-0.5178082747154176,-0.06255845285681465
0.3018978884598359,0.2684126360438972,-0.38953846486203514,-0.458982131042102
0.6283710491160355,0.048526151535379654,-0.5860676108271051,-0.7075385107349539
-0.6504471816698977,-0.45690077090677733,-0.2670428586676474,-0.2466009951453117
-0.7861352845821872,-0.7393212895660825,-0.20517639089270404,0.1241754642436432
-0.5841833488035699,-0.07016642955342534,-0.5182207178339172,0.29056575408898544
-0.6195802452154716,-0.2714690470800386,0.6739461161892406,-0.31348957503080843
-0.648129527738166,-0.5159079397909261,-0.2767352719523885,-0.6973271180660437
2.700564359896108,2.3517048193146026,0.7576720692446639,-0.46436488066602366
-0.3383013362280392,-0.5339492121164244,0.9509016702617368,-0.42565657822341074
0.9496821623788327,0.29364328756677466,-0.5444108558586432,1.3873009899630182
-0.3374585529801368,1.651622063886805,0.33285565719005306,-0.1283388195844452
-0.680155291158458,-0.7199235305995692,0.035071725633325855,1.5525830666504943
-0.2846792520802478,-0.10692721752492951,-0.5400802031143972,-0.07189910661597278
-0.6392803036351906,-0.5243181569652186,0.39843411303149295,-0.2790558090542509
-0.6138914582921302,-0.1672908730500932,0.690856284047725,3.4895021923525302
-0.06481817228370422,-0.11357400206590258,-0.012359232994130689,3.2616852303283177
-0.6104149773945328,-0.12361200320941294,-0.5660641195798735,-0.22222030567225487
-0.7223998014595667,-0.635685710192543,0.7725200215106502,-0.3278963460830693
-0.6609819722686779,-0.6001457601979523,-0.43098899827124715,0.8910589694870665
-0.13350500698775136,-0.6350074668720356,0.25820345274162143,-0.7794932079135534
0.7894479973713853,0.5266876924931368,-0.6209190543403231,-0.8649839372346617
0.6055105535166824,2.40515039297059,1.4606813647272698,-0.4821754492745879
1.49917684001121,0.5380821802776622,-0.17548048636073124,-0.9046421366697314
-0.5662742047856436,-0.620493059813176,0.18623212856343738,0.703929261973085
1.2531894795296914,0.3061229646641118,-0.4130477226165136,-0.007306111128913174
-0.7177644935961034,-0.7512583720070137,-0.11464512638203699,0.25470714262374283
-0.7349362022721152,-0.6462663059924594,0.5007200064193993,-0.5762944096105117
-0.6729916335512873,-0.10706286618903099,-0.4025304230947732,-0.7850342737028845
-0.11401564438000793,0.3427481039715145,-0.5244073646114116,-0.9092333054666057
-0.6803659869704336,-0.37320554515615717,0.3567773580630311,1.9644425709632038
-0.6437049156866783,-0.5552460523803586,-0.4800697293727022,-0.8791532340388084
-0.8141578275749426,-0.5678613781417973,-0.4557355853812245,-0.8960930637376205
-0.10400759331116671,-0.2777088856287072,0.29016779442534213,1.2586691055678323
-0.7656977908205534,-0.6738029848050621,2.855563991492992,-0.23266917258927922
-0.569750685683241,-0.4719577726220429,0.5718664443605841,-0.024325098910430103
0.18359219003553381,0.054765990084048255,-0.36685409334455593,0.42426375577727427
-0.5815496511538749,-0.39504498007649724,-0.4320201060674962,-0.6834744535927161
-0.18080621677627465,0.17793497708820247,-0.4080984051945181,0.018816056163647694
-0.38971111435008676,-0.24840877418278504,0.5976441392668105,2.9338124517653266
-0.6255850758567764,-0.29615710394651,1.4912021554962418,1.0897457570759386
0.49068133598997776,-0.18790946999351987,1.1589792235447962,4.508108400596995
-0.45839794905413395,-0.699440582320244,-0.4186157047162585,2.2365089012193606
-0.706808311373372,-0.4814531791091473,-0.29962586502911753,-0.3840194267207228
-0.5397265324767173,-0.5011222354038636,1.0917509952293578,0.2654726418715861
-0.7011195244500307,-0.7056804208689126,-0.45862268721072186,0.33718986480207136
-0.7880315468899676,-0.747460209412172,-0.34726304521582385,2.436937166627737
-0.5593212429904486,-0.49325461288597705,-0.5299753467111564,-0.7355604720124284
-0.4941108891839989,-0.3312901079487963,-0.11650112041528528,-0.4732305859289534
-0.381599325589026,-0.367643949927996,0.15797977494621326,-0.7252699212608135
0.47593262915168544,0.7198513901736606,-0.44748672301123205,-0.6336048614887362
-0.1476216263901169,-0.5131949665088963,-0.44604317209648336,0.7340093334008824
-0.28625947067006485,-0.5289302115446692,-0.5475041792473904,-0.3492690284133464
-0.45386798909665843,-0.6093698693568537,-0.005553921538886923,0.5609697646083428
-0.10168993937943506,-0.3523156508845275,-0.33344620074608655,-0.309531670895572
0.21214147255822824,-0.16769781904239767,-0.4408876331152381,-0.4149702370582722
-0.6206337242753496,-0.6670205515999875,-0.5790560778126115,-0.9147743712559369
-0.16763772852779935,0.06059888264041239,-0.4635720046327173,0.35207158435056063
1.3113415236349584,1.0200418838302612,-0.26044376877165343,-0.5317284090477488
0.19317884948042383,-0.06704651027909103,-0.5584339218876304,-0.7214703332909864
0.6192057812950966,-0.28598345413889814,-0.5320375623036546,-0.7441887030272438
1.7721332644256058,0.22568330685192745,-0.5062598673974282,-0.9371761086613754
0.09488925319380419,0.9689023374639989,-0.46872754361396257,-0.9306851458795875
1.4347039215466748,0.9591356336486915,-0.25405090043490924,-0.43792608104264386
-0.5382516617928881,-0.46422579876825787,-0.3965499978765287,0.4216515390480182
-0.5208692573049007,-0.6478940899616773,-0.5477104008066402,-0.39684303611888905
0.5916046299262925,2.0155674296711066,-0.3313839851535884,-0.8772534400538948
-0.5842886967095577,-0.5838679205057733,1.9585002087563137,-0.39312260623176676
0.03463025096878123,-0.46951609666821603,-0.005347699979637112,1.3959292209778338
1.1820796429879248,-0.2793366695979251,-0.37077230297030234,-0.7807597372368291
-0.5842886967095577,-0.6607807130513189,0.2835687045293482,-0.1754378787937595
-0.03205497352149768,-0.5427663752830214,-0.3276719970870918,-0.10949919590071948
0.41851802038833313,1.2460325582233458,-0.4969798972311867,-0.8328457556565414
-0.6057796695310694,-0.5997388142056478,-0.08103101222431777,-0.3857609045402269
-0.19355331340079873,-0.367372652599793,-0.4318138845082464,-0.8563557062198461
-0.46282256110562164,-0.41824090163785227,-0.19610264228571236,-0.015855184061024003
1.0212133905445506,2.614591930343293,-0.40088065062077477,-0.17741683086137774
-0.5974571849580331,-0.2848982648260862,-0.5275006880001587,-0.8094941212586461
-0.2933177803712476,-0.5289302115446692,-0.0738132576505744,-0.2252283128150346
-0.48842210226065763,-0.6895382298408351,0.13013986444748876,0.3071889514569787
0.38364786350637053,-0.6582033884333905,-0.4448058427409845,0.10763142495835465
-0.5780731702562775,-0.2996839692131488,-0.1449596955917592,1.106368954443932
0.5978201563795728,1.4904714509342334,11.919001520522189,1.6398944318738113
-0.6868975571416773,-0.5678613781417973,0.08786444480127749,-0.6005167829181591
-0.6623514950465194,-0.6643075783179577,-0.5481228439251399,-0.9070168791508733
-0.48062635721756025,-0.486607828345004,0.9851344490972055,0.39046325446235464
-0.35484095746812416,-0.5846818124903822,0.4237993648192197,-0.5451852831075529
-0.2994279589185401,-0.5439872132599348,0.10271239706726389,-0.17496293029753113
1.9897820381964055,1.2323320431490952,-0.3790211653402948,-0.06152939778165316
-0.6852119906458725,-0.3500096235948021,-0.17816136663097878,0.8169670040754393
6.252052966556902,-0.11072538011977126,-0.6064835451928364,-0.27193158161082526
-0.5486811044856805,-0.6603737670590144,1.7502164339140045,0.3817558653648343
0.2990534949981652,0.13846121583466844,-0.35200614107856953,1.1938386358326585
-0.6975376956464453,-0.5812905958878449,-0.49945455594218446,0.1559178554082399
-0.5625870280760705,-0.6035369768004896,1.0513315696163947,-0.20971332860490755
-0.09800276266986196,-0.7410847221994018,2.583763976401741,-0.9496830857287227
-0.27593537588326017,-0.6251051143926267,1.3429288543956277,-0.7427638575385588
0.18106384029182654,-0.24026985433669557,-0.553484604465635,-0.9197613304663348
0.3462493568807007,-0.00451247612830349,-0.4753266335099565,-0.7662738081018635
-0.21367476344446898,-0.0051907194488109475,-0.5615272452763775,-0.9297352488871308
1.9346850833647848,0.15840156945758768,-0.33323997918683673,-0.8162225582885481
-0.6519220523537269,-0.6272754930182506,-0.1727996060904837,-0.7090425143063438
0.04042438579811036,-0.43329790335311785,-0.5505975026361376,-0.8550891768965705
0.7995613963462144,0.1550103528550504,-0.07814391039482042,-0.7305735128020303
0.45928766000561266,0.1882442755599158,-0.054222209521842334,1.2174277444786679
-0.6240048572669593,-0.4634119067836489,-0.356955458500565,-0.6785666524650228
1.3241939681654702,1.1997763637647372,-0.22002434315869043,-0.4764760673198473
-0.6272706423525811,-0.6371778454976594,-0.26312464904190097,-0.6712049507734829
1.5109758054818438,0.5761994548901812,-0.27446683480064055,-0.8541392799041138
-0.6761520707309214,-0.636228304848949,-0.46233467527721844,-0.9017924456923612
1.3960412400491515,0.0634475045865437,-0.5864800539456048,-0.9406590643003835
-0.5692239461533021,0.2165948463571275,0.6834323079147319,0.16137976311486626
-0.6256904237627641,-0.6876391485434142,-0.5829742874383579,-0.9348805242629382
-0.8146845671048816,-0.7680788063555987,0.017542893097091918,0.8458597042626658
1.5086581515501123,-0.613303680615797,-0.6052462158373375,-0.9469917109167619
-0.6627728866704705,1.7454909394450373,0.6273400437987833,-0.889839575203947
-0.6154716768819473,0.011087120243368023,-0.5633832393096259,-0.8869107261438719
-0.626322511198691,-0.39667276404571516,-0.09711629384580305,0.6131349411107598
-0.7466298198367612,-0.7039169882355932,-0.38479536899928946,-0.5751861964526456
-0.5792319972221432,-0.5690822161187108,-0.5180144962746674,-0.7820262665601048
-0.3701164038363555,-0.6510140092360116,-0.5941102516378477,-0.5836561113020516
-0.6771002018848117,-0.6678344435845965,-0.40603618960202004,-0.7429221737039682
0.007766534941891622,0.044999286268740876,-0.29962586502911753,-0.5785108359262442
-0.6623514950465194,-0.485522639032192,-0.3916006804545332,-0.19309013123691426
-0.781394628812736,-0.6649858216384652,-0.3330337576275869,-0.674687906412491
-0.5841833488035699,-0.6240199250798147,-0.2115692592294482,0.8180752172333056
-0.7656977908205534,-0.7405421275429959,-0.4089232914315174,-0.4582697082977595
-0.3156515364406617,-0.25125739612891634,-0.35221236263781935,2.1909930036641407
-0.6333808208998737,-0.5302866981856842,1.050094240260896,0.6415526928017579
-0.6647744968842388,-0.27065515509542964,-0.45284848355172713,-0.6424705667516659
-0.05828660211246047,0.062497963937833266,-0.3233413443428458,0.24346669487967118
-0.6619301034225681,-0.48023234113223384,-0.3258160030538435,-0.44821663179425875
-0.7152361438523961,-0.589565164398036,-0.5103842985824244,-0.48755819889850954
0.5936062401400607,0.3843922438506724,0.5297972462736226,-0.701680812614804
-0.5586891555545218,-0.35841984076909456,-0.420265477190257,2.12085894238775
-0.6372786934214224,-0.33942902779488576,-0.575344089746115,-0.694635743254083
0.25701968050903207,-0.08576602592509684,-0.6066897667520862,-0.6294886411880902
-0.6115738043603985,-0.6582033884333905,0.16684730199395514,1.2868493830107162
-0.667302846627946,-0.16349271045525143,1.4136628492183128,0.45671856968621355
0.05454100520047588,0.22229209024939015,-0.10969580896004151,1.7773920215319272
-0.4742001349523043,-0.6012309495107642,0.1926249969001815,-0.8057736913715238
0.7847073416019342,2.178752772585201,0.1161167984185016,-0.1042747624422073
-0.6676188903459095,-0.6611876590436234,-0.10082828191229964,-0.02891626770730444
-0.5366714432030711,-0.29520756329779957,-0.2323976367136791,-0.8544559122349327
-0.6719381544914094,-0.526352886926741,-0.22930431332493192,0.7059082140407033
-0.7141826647925181,-0.6712256601871338,-0.28766501459262844,-0.17535872071105477
-0.6878456882955675,-0.5787132712699167,-0.01091568207938201,-0.20702195379294672
-0.6977483914584209,-0.6260546550413372,0.5011324495378989,-0.6845826667505822
-0.5939807040604356,-0.4117297657609807,-0.446455615214983,-0.7403891150574169
-0.45839794905413395,-0.2192443114009644,-0.49759856190893614,-0.9089166731357868
-0.4329037558050858,0.1266597820578387,1.1441312712788099,0.9207432505013402
-0.5001157198253037,-0.6689196328974084,-0.34520082962332577,0.029819029659605152
-0.7045960053476281,-0.6077420853876357,-0.031125394885863494,-0.18984464984602034
0.14682577084579077,0.8403074038957851,-0.08824876679806117,-0.5925218165649814
-0.6872136008596407,-0.5602650529521138,0.7766444526956464,-0.03683207597777743
-0.7763379293253215,-0.6462663059924594,0.47803563490192,-0.04419377766931731
-0.7391501185116273,-0.707986448158638,-0.3033378530956141,-0.18905306901897304
-0.7072297029973231,-0.6633580376692473,0.10394972642276276,-0.5979837242716077
-0.613470066668179,-0.40630381919692105,2.0933691085056902,1.2005670728625604
-0.3013242212263206,-0.14151762687080982,-0.5881298264196032,1.15085579692399
-0.3526286514423803,0.7066934697558159,-0.6073084314298356,1.077001305760477
-0.4748322223882311,-0.1605084398450186,0.25820345274162143,0.4807034687457467
-0.7147094043224571,-0.6443672246950385,-0.20682616336670254,-0.4049963186374762
-0.3081718351155277,-0.10665592019672653,1.3887100405490858,1.034255941099923
1.1305645169598895,0.9560157143743572,-0.044942239355600835,-0.3671587551046153
-0.16268637694637264,-0.25993891063141183,-0.2940578829293726,-0.2963122710838821
-0.19502818408462796,-0.2933084820003787,-0.14908412677675542,-0.2606119757840489
-0.35694791558788025,-0.5019361273884725,-0.34705682365657403,-0.4248649973963634
-0.4920039310642429,-0.34010727111539324,-0.31694847600610165,-0.7816304761465811
0.46866362363852704,-0.29724229325932194,-0.6132888566480802,-0.9422422259544782
-0.13887775019312928,-0.12713886847605171,3.050855808102563,-0.5554758338591678
-0.4776766158499018,-0.5163148857832306,0.5376336655251155,-0.4774259643123041
0.06328488139746348,0.03387609581241858,-0.28477791276313114,-0.329162875406345
0.3114845479047259,0.6977406579251175,-0.45862268721072186,-0.6024957349857774
0.32697069008493285,-0.04032372345109722,-0.5584339218876304,-0.5489848710773799
1.1241382946946334,0.36594402553286953,-0.6060711020743368,-0.8976762253917152
-0.6034620155993378,-0.27309683104925647,-0.5029603224494312,-0.2485007891302252
0.5557863418904396,-0.07192986218674473,-0.6283430304733164,-0.5971921434445604
0.11606418229735248,-0.12876665244526964,-0.42088414186800643,0.40075380521396947
-0.39813894682911094,-0.5994675168774448,-0.46233467527721844,1.1398528234280327
-0.3470452124250268,-0.28625475146710117,-0.4151099382090117,0.44049116273174393
0.45096517543257625,-0.39504498007649724,-0.45326092667022677,0.3941836843494769
-0.5644832903838509,-0.4596137441888072,2.5315899219115385,-0.05994623612755856
0.6705102115111564,0.48165233601144175,0.014243348149094939,0.0897416982670857
-0.26571662900244336,1.4773135305163887,2.476734987151089,1.5049299008622468
-0.3203921922101128,0.023566797340705232,-0.1802235822234769,-0.7087258819755249
-0.46050490717389,-0.5488705651675885,-0.6238061561698205,-0.2686069421372266
0.8987991237867242,-0.21246187819588983,-0.5149211728859203,-0.7047679778402884
-0.29405521571316223,-0.03937418280238678,2.1476053785883904,-0.2744646402573766
-0.33682646554421,-0.6286319796592654,-0.5780249700163624,0.7216606724989445
-0.6803659869704336,-0.3497383262665991,-0.3157111466506028,-0.7930292400560622
0.004500749856269749,-0.25424166673914916,-0.4916181366906916,0.3744733217559992
0.8507604786562863,0.8484463237418745,2.0752216112917066,1.4013119706017554
-0.7571646104355415,-0.5921424890159643,0.2965606627620863,2.155292708364308
2.348386310178885,1.3146707822587005,-0.5433797480623942,0.20032553980559337
-0.6025138844454476,-0.517535723760144,-0.41944059095325775,-0.13538388894516618
-0.5732271665808385,-0.5559242957008661,-0.620094168103324,-0.7293069834787547
